[
  {
    "$id": "689a07ae00033e4cdfb8",
    "$createdAt": "2025-08-11T15:09:33.810+00:00",
    "$updatedAt": "2025-08-11T15:09:33.810+00:00",
    "name": "vendor01",
    "total": 0,
    "prefs": {}
  },
  {
    "$id": "68a511c7003d69ab5080",
    "$createdAt": "2025-08-20T00:07:33.666+00:00",
    "$updatedAt": "2025-08-20T00:07:33.666+00:00",
    "name": "admins",
    "total": 0,
    "prefs": {}
  },
  {
    "$id": "68a641360008d265511a",
    "$createdAt": "2025-08-20T21:42:13.641+00:00",
    "$updatedAt": "2025-10-02T17:05:41.962+00:00",
    "name": "odysseyts",
    "total": 3,
    "prefs": {}
  },
  {
    "$id": "68a64ddf000fd2faddb8",
    "$createdAt": "2025-08-20T22:36:14.691+00:00",
    "$updatedAt": "2025-08-20T22:36:14.691+00:00",
    "name": "walmart",
    "total": 0,
    "prefs": {}
  },
  {
    "$id": "68a64de70014d24e7f15",
    "$createdAt": "2025-08-20T22:36:22.797+00:00",
    "$updatedAt": "2025-08-20T22:36:22.797+00:00",
    "name": "target",
    "total": 0,
    "prefs": {}
  },
  {
    "$id": "68a64ded0028d83b385c",
    "$createdAt": "2025-08-20T22:36:29.092+00:00",
    "$updatedAt": "2025-08-20T22:36:29.092+00:00",
    "name": "kroger",
    "total": 0,
    "prefs": {}
  },
  {
    "$id": "68a64df500298691204d",
    "$createdAt": "2025-08-20T22:36:37.401+00:00",
    "$updatedAt": "2025-08-20T22:36:37.401+00:00",
    "name": "costco",
    "total": 0,
    "prefs": {}
  },
  {
    "$id": "68a64dfc003a63860979",
    "$createdAt": "2025-08-20T22:36:44.386+00:00",
    "$updatedAt": "2025-08-20T22:36:44.386+00:00",
    "name": "wholefoods",
    "total": 0,
    "prefs": {}
  },
  {
    "$id": "68a64e08002c4dcdf1f9",
    "$createdAt": "2025-08-20T22:36:56.146+00:00",
    "$updatedAt": "2025-08-20T22:36:56.146+00:00",
    "name": "aldi",
    "total": 0,
    "prefs": {}
  },
  {
    "$id": "68a64e0e0023c899f7ac",
    "$createdAt": "2025-08-20T22:37:02.012+00:00",
    "$updatedAt": "2025-08-20T22:37:02.012+00:00",
    "name": "lidl",
    "total": 0,
    "prefs": {}
  },
  {
    "$id": "68a64e1a002075b012c4",
    "$createdAt": "2025-08-20T22:37:13.956+00:00",
    "$updatedAt": "2025-08-20T22:37:13.956+00:00",
    "name": "traderjoes",
    "total": 0,
    "prefs": {}
  },
  {
    "$id": "68a64e220018942070ec",
    "$createdAt": "2025-08-20T22:37:21.839+00:00",
    "$updatedAt": "2025-08-20T22:37:21.839+00:00",
    "name": "publix",
    "total": 0,
    "prefs": {}
  },
  {
    "$id": "68a64e2a003536b197eb",
    "$createdAt": "2025-08-20T22:37:30.294+00:00",
    "$updatedAt": "2025-08-20T22:37:30.294+00:00",
    "name": "heb",
    "total": 0,
    "prefs": {}
  },
  {
    "$id": "68a64e310019f9b1459d",
    "$createdAt": "2025-08-20T22:37:36.862+00:00",
    "$updatedAt": "2025-08-20T22:37:36.862+00:00",
    "name": "albertsons",
    "total": 0,
    "prefs": {}
  }
]
